TEXE,LAN,language,isRight,GoogleLan,GoogleText
"Toner C301K kompatibilní s OKI C301, C321, MC332, MC342 ?erny, 2.200 str.",cs,,,捷克语,"碳粉 C301K 兼容 OKI C301、C321、MC332、MC342 黑色，2,200 页。"
2017 Acura NSX Base VEHICULE NEUF AVEC 305KM SEULEMENT,zu,,,法语,2017讴歌NSX基础新车仅305公里
K?pekler sahipleri kü?ük uzun sa?l? aile k?pek Stok foto?raf ? godfer,tr,,,土耳其语,狗主人小长毛家庭狗 图库照片? godfer
GDO-SD64G1 セルスタ` ドライブレコ`ダ`用オプション microSDカ`ド(アダプタ`、ケ`ス付き)MCLタイプ裼 耐嵝预れている【RCP】,ja,,,日语,GDO-SD64G1 Cellstar 行车记录仪专用选件 microSD 卡（带适配器和外壳） 采用 MCL 型 优异的耐热性 [RCP]
粉色桃花浪漫唯美旅游海报模版图片,zh,,,中文简体,粉色桃花浪漫唯美旅游海报模版图片
Drop earrings,fy,,,英语,吊式耳环
J+S-Kids C Landhockey: Lektion 6 C ?Tore verhindern/Abwehr?,de,,,德语,J+S-Kids C 陆地曲棍球：第 6 课 C ?阻止进球/防守?
Ecostyle Tuinmest 5 kg,zu,,,荷兰语,Ecostyle 花园肥料 5 公斤
"Violin Concerto, Op. 15",es,,,英语,小提琴协奏曲，作品。 15
"OTT! RUGGED SHIELD szilikon véd? tok / hátlap - matt, ER?S VéDELEM - FEKETE - Realme 6 / Realme 6S",hu,,,匈牙利语,那里！ RUGGED SHIELD 硅胶保护壳/后盖 - 哑光，强保护 - 黑色 - Realme 6 / Realme 6S
"Matteo Renzi, Taliansko",eu,,,斯洛伐克语,马泰奥・伦齐，意大利
Les composantes des changements de population,fr,,,法语,人口变化的组成部分
Rozsvícení váno?ního stromu v Prostějově,cs,,,捷克语,普罗斯捷约夫圣诞树点亮仪式
The Leisure Seeker,fy,,,英语,休闲追求者
Кукла JC Toys JC18057,kk,,,塞尔维亚语,公仔 JC 玩具 JC18057
поток ― Стоковое видео,ru,,,俄语,流动 - 图库视频片段
悬挂吊链循环通过式抛丸清理机,zh,,,中文简体,悬挂吊链循环通过式抛丸清理机
Home energy efficiency,af,,,英语,家庭能源效率
15 % geschenkt,nl,,,德语,15% 免费
"??? ?? ???? ???? ???????? ????,???",fa,,,波斯语,清洁房屋的解决方案、方法
90's~ GOLDEN SUPREME ストライプ パジャマシャツ White XLサイズ,bg,,,日语,90 年代 ~ GOLDEN SUPREME 条纹睡衣衬衫 白色 XL 码
Emanuel Reiter | (c) Music Loft,la,,,卢森堡语,伊曼纽尔・赖特 (c) 音乐阁楼
#NAME?,pt,,,葡萄牙语,#NAME?
Princess Peach,lt,,,英语,桃子公主
Tiara Diadem Haarschmuck Kopfschmuck Braut Strass Hochzeit Kranz Krone Perlen,de,,,德语,头饰头饰发饰头饰新娘水钻婚礼花环皇冠珠
Fruit Filled Crepes,da,,,英语,水果夹心薄饼
Spesa mondiale per l'IT - B Human S.r.l. sviluppo software e system integration,it,,,意大利语,全球 IT 支出 - B Human S.r.l. 软件开发及系统集成
"Foto de casa en renta en , san miguel tecamachalco, naucalpan de juárez, méxico, 962503 No. 11",es,,,西班牙语,"出租房屋照片 , san miguel tecamachalco, naucalpan de juárez, 墨西哥, 962503 No. 11"
Svet24,no,,,保加利亚语,世界24
Яблоко,sr,,,俄语,苹果
Лера Кудрявцева и Сергей Лазарев,ru,,,俄语,莱拉・库德里亚夫采娃和谢尔盖・拉扎列夫
На Дзёмгах сгорела иномарка и пострадали от огня ещё две машины (Видео) - KomCity.Ru,ru,,,俄语,一辆外国汽车在 Dzyomgah 被烧毁，另外两辆汽车被火灾损坏（视频）-KomCity.Ru
???? ?????? ???????? ??,ar,,,阿拉伯语,组织声援集会
Happy Tree Friends: False Alarm,mg,,,英语,快乐树朋友：误报
?edé pánské fuknk?ní tri?ko s potiskem Under Armour,cs,,,捷克语,灰色男式 Under Armour 印花功能性 T 恤
"casas coloridas - burano, itália foto",pt,,,葡萄牙语,色彩缤纷的房子 - 布拉诺，意大利 照片
Lions Lying,bg,,,英语,狮子说谎
Abx 20,sr,,,英语,ABX 20
Sneakers 44 Grant Australian Heren Maat BqFP1w,nl,,,荷兰语,运动鞋 44 Grant 澳大利亚男式尺码 BqFP1w
"Renoir - vase de fleurs, 1884 carte postale",fr,,,法语,雷诺阿 - 花瓶，1884 年明信片
Kaci Nicole - 4 Day London Itinerary,ny,,,英语,卡茨・妮可 - 伦敦 4 天行程
"teste fiorite. libri per bambini, spunti e appunti per adulti con l'orecchio acerbo:",it,,,意大利语,花头。 适合耳朵不成熟的成年人的儿童书籍、想法和笔记：
Schecter Banshee Elite-6 FR S Left-Handed Electric Guitar Gloss sku number SCHECTER1256,da,,,英语,Schecter Banshee Elite-6 FR S 左手电吉他光泽 SKU 编号 SCHECTER1256
Boeufs et moutons au paturage,fr,,,法语,牧场上的牛和羊
第65回ベルリン映画祭、金熊pはイランのパナヒO督 跆易颖O督がアウディ短映画p,ja,,,日语,第65届柏林电影节金熊奖伊朗帕纳西导演濑户桃子获得奥迪短片奖
Unikátní operace,cs,,,捷克语,独特的操作
SLEEPY ME ZESTAW HERBAT U?、TWIAJ?ГYCH ZASYPIANIE BIO 30g - 20 SASZETEK - ENGLISH TEA SHOP,pl,,,波兰语,SLEEPY ME 茶具 U?、GET YOU SLEEPING BIO BIO 30g - 20 包 - ENGLISH TEA SHOP
2021 Honda CBR500R ABS at Eastside Honda,sv,,,英语,2021 本田 CBR500R ABS 在 Eastside Honda
"Delirios, prisiones y contagios",es,,,西班牙语,妄想、监狱和传染病
